old Accnt.,New Account,Type,New Type,Parent Code,Class,Old code,New Code,,
Bad Debts,Bad Debts,Bank,Bank,1-2000,1,1203,1-1203,,
Choices Flooring Noosaville,Choices Flooring Noosaville,Bank,Bank,1-2000,1,1204,1-1204,,
Long Service Leave Account,Long Service Leave Account,Bank,Bank,1-2000,1,1206,1-1206,,
NAB Qantas Business Card,NAB Qantas Business Card,Bank,Bank,1-2000,1,1208,1-1208,,
Term Deposit Account,Term Deposit Account,Bank,Bank,1-2000,1,1219,1-1219,,
UHI 2nd Account,UHI 2nd Account,Bank,Bank,1-2000,1,1221,1-1221,,
Universal Home Improvements Acc,Universal Home Improvements Acc,Bank,Bank,1-2000,1,1222,1-1222,,
Sundry Debtors,Sundry Debtors,Other Current Asset,OtherCurrentAsset,1-2000,1,1226,1-1226,,
Loan to Bemeko,Loan to Bemeko,Other Current Asset,OtherCurrentAsset,1-2000,1,1227,1-1227,,
Accounts Receivable - Other,Accounts Receivable - Other,Other Current Asset,OtherCurrentAsset,1-2000,1,1228,1-1228,,
Deposits Paid,Deposits Paid,Other Current Asset,OtherCurrentAsset,1-2000,1,1230,1-1230,,
Loan to UHI Investments,Loan to UHI Investments,Other Current Asset,OtherCurrentAsset,1-2000,1,1232,1-1232,,
Rental Bond - Lower Mountain Ro,Rental Bond - Lower Mountain Ro,Other Current Asset,OtherCurrentAsset,1-2000,1,1236,1-1236,,
Rental Bond - Noosa,Rental Bond - Noosa,Other Current Asset,OtherCurrentAsset,1-2000,1,1237,1-1237,,
Property Improvements at Cost,Property Improvements at Cost,Fixed Asset,FixedAsset,1-2000,1,1239,1-1239,,
Property Improvements at Cost:Less Accumulated Depreciation,Improvements at Cost:Less Accumulated Depreciation,Fixed Asset,FixedAsset,1-2000,1,1240,1-1240,,
Business- Choices Carpet Noosa,Business- Choices Carpet Noosa,Fixed Asset,FixedAsset,1-2000,1,1243,1-1243,,
Business- Choices Carpet Noosa:Furniture and Fittings,Carpet Noosa:Furniture and Fittings,Fixed Asset,FixedAsset,1-2000,1,1244,1-1244,,
Business- Choices Carpet Noosa:Furniture and Fittings:Less Accumulated Depreciation,Furniture & Fittings:Less Accumulated Depreciation,Fixed Asset,FixedAsset,1-2000,1,1245,1-1245,,
Business- Choices Carpet Noosa:Plant & Equipment < $1000,Carpet Noosa:Plant & Equipment < $1000,Fixed Asset,FixedAsset,1-2000,1,1246,1-1246,,
Business- Choices Carpet Noosa:Plant and Equipment >$1000,Carpet Noosa:Plant and Equipment >$1000,Fixed Asset,FixedAsset,1-2000,1,1247,1-1247,,
Business - National Tiles,Business - National Tiles,Fixed Asset,FixedAsset,1-2000,1,1248,1-1248,,
Business - National Tiles:Furniture and Fittings,Business - National Tiles:Furniture and Fittings,Fixed Asset,FixedAsset,1-2000,1,1249,1-1249,,
Business - National Tiles:Furniture and Fittings:Less Accumulated Depreciation,National Tiles:Furniture & Fittings:Less Acc. Dep.,Fixed Asset,FixedAsset,1-2000,1,1250,1-1250,,
Low Value Pool,Low Value Pool,Fixed Asset,FixedAsset,1-2000,1,1254,1-1254,,
Motor Vehicles at Cost,Motor Vehicles at Cost,Fixed Asset,FixedAsset,1-2000,1,1255,1-1255,,
Motor Vehicles at Cost:Less Accumulated Depreciation,Motor Vehicles at Cost:Less Acc. Depreciation,Fixed Asset,FixedAsset,1-2000,1,1257,1-1257,,
Number Plates,Number Plates,Fixed Asset,FixedAsset,1-2000,1,1258,1-1258,,
Office Equipment,Office Equipment,Fixed Asset,FixedAsset,1-2000,1,1259,1-1259,,
Office Equipment:Less Accumulated Depn,Office Equipment:Less Accumulated Depn,Fixed Asset,FixedAsset,1-2000,1,1260,1-1260,,
Plant & Equipment > $1000,Plant & Equipment > $1000,Fixed Asset,FixedAsset,1-2000,1,1261,1-1261,,
Plant and Equipment < $1000,Plant and Equipment < $1000,Fixed Asset,FixedAsset,1-2000,1,1262,1-1262,,
Plant and Equipment at Cost,Plant and Equipment at Cost,Fixed Asset,FixedAsset,1-2000,1,1263,1-1263,,
Plant and Equipment at Cost:Less Accumulated Depreciation,Plant and Equipment at Cost:Less Acc. Depreciation,Fixed Asset,FixedAsset,1-2000,1,1264,1-1264,,
Property 229 MB HB Road,Property 229 MB HB Road,Fixed Asset,FixedAsset,1-2000,1,1265,1-1265,,
Shares for Choices H/Bay,Shares for Choices H/Bay,Fixed Asset,FixedAsset,1-2000,1,1266,1-1266,,
Small Business General Pool,Small Business General Pool,Fixed Asset,FixedAsset,1-2000,1,1267,1-1267,,
Borrowing Costs,Borrowing Costs,Other Asset,OtherCurrentAsset,1-2000,1,1270,1-1270,,
Borrowing Costs:Less amortisation,Borrowing Costs:Less amortisation,Other Asset,OtherCurrentAsset,1-2000,1,1271,1-1271,,
Loan to Crazy Hill,Loan to Crazy Hill,Other Asset,OtherCurrentAsset,1-2000,1,1276,1-1276,,
Stock,Stock,Other Asset,OtherCurrentAsset,1-2000,1,1278,1-1278,,
Stock on Hand,Stock on Hand,Other Asset,OtherCurrentAsset,1-2000,1,1279,1-1279,,
Credit Cards,Credit Cards,Credit Card,Creditcard,2-2000,2,1283,2-1283,,
Payroll Tax Payable,Payroll Tax Payable,Other Current Liability,OtherCurrentLiability,2-2000,2,1285,2-1285,,
Deposits in Advance,Deposits in Advance,Other Current Liability,OtherCurrentLiability,2-2000,2,1289,2-1289,,
GST Adjustments,GST Adjustments,Other Current Liability,OtherCurrentLiability,2-2000,2,1290,2-1290,,
GST Clearing Account,GST Clearing Account,Other Current Liability,OtherCurrentLiability,2-2000,2,1291,2-1291,,
Lease Vehicles,Lease Vehicles,Other Current Liability,OtherCurrentLiability,2-2000,2,1297,2-1297,,
Provision- Long Service Leave,Provision- Long Service Leave,Other Current Liability,OtherCurrentLiability,2-2000,2,1376,2-1376,,
Provision for Annual Leave,Provision for Annual Leave,Other Current Liability,OtherCurrentLiability,2-2000,2,1377,2-1377,,
Provision for Income Tax,Provision for Income Tax,Other Current Liability,OtherCurrentLiability,2-2000,2,1378,2-1378,,
Trade Creditors,Trade Creditors,Other Current Liability,OtherCurrentLiability,2-2000,2,1381,2-1381,,
Payroll Liabilities,Payroll Liabilities,Other Current Liability,OtherCurrentLiability,2-2000,2,2100,2-2100,,
Payroll Liabilities:Pay G Tax,Payroll Liabilities:Pay G Tax,Other Current Liability,OtherCurrentLiability,2-2000,2,1382,2-1382,,
Payroll Liabilities:Super,Payroll Liabilities:Super,Other Current Liability,OtherCurrentLiability,2-2000,2,1383,2-1383,,
Payroll Liabilities:Super:Salary Sacrifice,Payroll Liabilities:Super:Salary Sacrifice,Other Current Liability,OtherCurrentLiability,2-2000,2,1384,2-1384,,
Loan - Lynette Hill,Loan - Lynette Hill,Long Term Liability,LongTermLiability,2-2000,2,1390,2-1390,,
Loan - Stephen and Lyn Hill,Loan - Stephen and Lyn Hill,Long Term Liability,LongTermLiability,2-2000,2,1392,2-1392,,
Loan - Stephen Hill,Loan - Stephen Hill,Long Term Liability,LongTermLiability,2-2000,2,1393,2-1393,,
Dividends Paid,Dividends Paid,Equity,Equity,3-2000,3,1396,3-1396,,
Income Tax,Income Tax,Equity,Equity,3-2000,3,1397,3-1397,,
Retained Earnings,Retained Earnings,Equity,Equity,3-2000,3,32000,3-8000,,
Retained Earnings1,Retained Earnings1,Equity,Equity,3-2000,3,3900,3-8000,,
Steel Scrap Recycling,Steel Scrap Recycling,Income,Income,4-2000,4,1399,4-1399,,
Early Payment Discounts,Early Payment Discounts,Income,Income,4-2000,4,1401,4-1401,,
Interest & Fee Rebates,Interest & Fee Rebates,Income,Income,4-2000,4,1402,4-1402,,
Miscellaneous,Miscellaneous,Income,Income,4-2000,4,1403,4-1403,,
Newfurn Discount- H/Bay,Newfurn Discount- H/Bay,Income,Income,4-2000,4,1404,4-1404,,
Newfurn Discount- Noosaville,Newfurn Discount- Noosaville,Income,Income,4-2000,4,1405,4-1405,,
Petty Cash from tin,Petty Cash from tin,Income,Income,4-2000,4,1406,4-1406,,
Rebate,Rebate,Income,Income,4-2000,4,1407,4-1407,,
Reimbursement Of Expenses,Reimbursement Of Expenses,Income,Income,4-2000,4,1408,4-1408,,
Sales,Sales,Income,Income,4-2000,4,1410,4-1410,,
Sales- Blinds Maryborough,Sales- Blinds Maryborough,Income,Income,4-2000,4,1411,4-1411,,
Sales- Garage Maryborough,Sales- Garage Maryborough,Income,Income,4-2000,4,1413,4-1413,,
Sales- Noosa,Sales- Noosa,Income,Income,4-2000,4,1414,4-1414,,
Sales- Patio Maryborough,Sales- Patio Maryborough,Income,Income,4-2000,4,1417,4-1417,,
Sales- Security Maryborough,Sales- Security Maryborough,Income,Income,4-2000,4,1418,4-1418,,
Sales-Carpet,Sales-Carpet,Income,Income,4-2000,4,1422,4-1422,,
Sales - Aluminium Slats,Sales - Aluminium Slats,Income,Income,4-2000,4,1423,4-1423,,
Sales - Blinds,Sales - Blinds,Income,Income,4-2000,4,1424,4-1424,,
Sales - Garages,Sales - Garages,Income,Income,4-2000,4,1426,4-1426,,
Sales - National Tiles,Sales - National Tiles,Income,Income,4-2000,4,1427,4-1427,,
Sales - Patios,Sales - Patios,Income,Income,4-2000,4,1428,4-1428,,
Sales - Security,Sales - Security,Income,Income,4-2000,4,1429,4-1429,,
Training Subsidy,Training Subsidy,Income,Income,4-2000,4,1433,4-1433,,
Transfer of Money,Transfer of Money,Income,Income,4-2000,4,1434,4-1434,,
Ute Rental - Craig Thomas,Ute Rental - Craig Thomas,Income,Income,4-2000,4,1435,4-1435,,
Closing Stock,Closing Stock,Cost of Goods Sold,CostofSales,5-2000,5,1436,5-1436,,
Freight and Cartage,Freight and Cartage,Cost of Goods Sold,CostofSales,5-2000,5,1438,5-1438,,
"Licences, Fees and Permits","Licences, Fees and Permits",Cost of Goods Sold,CostofSales,5-2000,5,1439,5-1439,,
Noosa Cost of Goods Sold,Noosa Cost of Goods Sold,Cost of Goods Sold,CostofSales,5-2000,5,1440,5-1440,,
Noosa Cost of Goods Sold:Freight & Cartige,Noosa Cost of Goods Sold:Freight & Cartige,Cost of Goods Sold,CostofSales,5-2000,5,1441,5-1441,,
Noosa Cost of Goods Sold:Purchases,Noosa Cost of Goods Sold:Purchases,Cost of Goods Sold,CostofSales,5-2000,5,1442,5-1442,,
Opening Stock,Opening Stock,Cost of Goods Sold,CostofSales,5-2000,5,1443,5-1443,,
Purchases,Purchases,Cost of Goods Sold,CostofSales,5-2000,5,1445,5-1445,,
Leave movement,Leave movement,Expense,Expense,6-2000,6,1446,6-1446,,
Accountancy Fees,Accountancy Fees,Expense,Expense,6-2000,6,1447,6-1447,,
Advertising,Advertising,Expense,Expense,6-2000,6,1448,6-1448,,
Advertising:APN Newspaper,Advertising:APN Newspaper,Expense,Expense,6-2000,6,1449,6-1449,,
Advertising:Digital,Advertising:Digital,Expense,Expense,6-2000,6,1450,6-1450,,
Advertising:Facebook,Advertising:Facebook,Expense,Expense,6-2000,6,1451,6-1451,,
Advertising:Google,Advertising:Google,Expense,Expense,6-2000,6,1452,6-1452,,
Advertising:Local Directories,Advertising:Local Directories,Expense,Expense,6-2000,6,1453,6-1453,,
Advertising:Mix FM,Advertising:Mix FM,Expense,Expense,6-2000,6,1454,6-1454,,
Advertising:Promotional Items & Clothing,Advertising:Promotional Items & Clothing,Expense,Expense,6-2000,6,1455,6-1455,,
Advertising:Seven QLD,Advertising:Seven QLD,Expense,Expense,6-2000,6,1456,6-1456,,
Advertising:Southern Cross Austereo,Advertising:Southern Cross Austereo,Expense,Expense,6-2000,6,1457,6-1457,,
Advertising:Sponsorship,Advertising:Sponsorship,Expense,Expense,6-2000,6,1458,6-1458,,
Advertising:Staff Advertising,Advertising:Staff Advertising,Expense,Expense,6-2000,6,1459,6-1459,,
Advertising:Website,Advertising:Website,Expense,Expense,6-2000,6,1461,6-1461,,
Advertising:Yellow Pages Advertising,Advertising:Yellow Pages Advertising,Expense,Expense,6-2000,6,1462,6-1462,,
Air Conditioning,Air Conditioning,Expense,Expense,6-2000,6,1463,6-1463,,
Bad Debts Expense,Bad Debts Expense,Expense,Expense,6-2000,6,1467,6-1467,,
Bad Debts Written Off,Bad Debts Written Off,Expense,Expense,6-2000,6,1468,6-1468,,
Bank Charges,Bank Charges,Expense,Expense,6-2000,6,1469,6-1469,,
Bookkeeping Fees,Bookkeeping Fees,Expense,Expense,6-2000,6,1471,6-1471,,
Borrowing Expenses,Borrowing Expenses,Expense,Expense,6-2000,6,1472,6-1472,,
Builders Thank You,Builders Thank You,Expense,Expense,6-2000,6,1475,6-1475,,
Cleaning,Cleaning,Expense,Expense,6-2000,6,1477,6-1477,,
Computer/Internet/Came Expenses,Computer/Internet/Came Expenses,Expense,Expense,6-2000,6,1478,6-1478,,
Computer/Internet/Came Expenses:Annual Membership,Computer/Internet/Came Expenses:Annual Membership,Expense,Expense,6-2000,6,1479,6-1479,,
Computer/Internet/Came Expenses:Computer Repairs,Computer/Internet/Came Expenses:Computer Repairs,Expense,Expense,6-2000,6,1480,6-1480,,
Computer/Internet/Came Expenses:Digital Camera,Computer/Internet/Came Expenses:Digital Camera,Expense,Expense,6-2000,6,1481,6-1481,,
Computer/Internet/Came Expenses:Internet,Computer/Internet/Came Expenses:Internet,Expense,Expense,6-2000,6,1482,6-1482,,
Computer/Internet/Came Expenses:Website Expenses,Computer/Internet/Came Expenses:Website Expenses,Expense,Expense,6-2000,6,1483,6-1483,,
Contract Books,Contract Books,Expense,Expense,6-2000,6,1485,6-1485,,
Credit/Refunds,Credit/Refunds,Expense,Expense,6-2000,6,1486,6-1486,,
Debt Collector,Debt Collector,Expense,Expense,6-2000,6,1487,6-1487,,
Depreciation,Depreciation,Expense,Expense,6-2000,6,1488,6-1488,,
Donation,Donation,Expense,Expense,6-2000,6,1489,6-1489,,
Electricity,Electricity,Expense,Expense,6-2000,6,1490,6-1490,,
Electricity:1/26 BHD,Electricity:1/26 BHD,Expense,Expense,6-2000,6,1491,6-1491,,
Electricity:2/26 HBD,Electricity:2/26 HBD,Expense,Expense,6-2000,6,1492,6-1492,,
Electricity:3/26 BHD,Electricity:3/26 BHD,Expense,Expense,6-2000,6,1493,6-1493,,
"Electricity:4, 90 Lower Mountain Road","Electricity:4, 90 Lower Mountain Road",Expense,Expense,6-2000,6,1494,6-1494,,
Electricity:535 BHD,Electricity:535 BHD,Expense,Expense,6-2000,6,1495,6-1495,,
Electricity:Maryborough,Electricity:Maryborough,Expense,Expense,6-2000,6,1496,6-1496,,
Factory Fitout MB HB Road,Factory Fitout MB HB Road,Expense,Expense,6-2000,6,1500,6-1500,,
Fire Hydrant,Fire Hydrant,Expense,Expense,6-2000,6,1502,6-1502,,
Fire Hydrant:Service Fee,Fire Hydrant:Service Fee,Expense,Expense,6-2000,6,1503,6-1503,,
Fuel & Oil,Fuel & Oil,Expense,Expense,6-2000,6,1504,6-1504,,
General Repairs & Maintenance,General Repairs & Maintenance,Expense,Expense,6-2000,6,1507,6-1507,,
Hire of Plant and Equipment,Hire of Plant and Equipment,Expense,Expense,6-2000,6,1508,6-1508,,
Infringement,Infringement,Expense,Expense,6-2000,6,1510,6-1510,,
Insurance,Insurance,Expense,Expense,6-2000,6,1511,6-1511,,
Insurance:Commercial 231 MB HB Road,Insurance:Commercial 231 MB HB Road,Expense,Expense,6-2000,6,1512,6-1512,,
Insurance:Commercial 535 Boat Harbour Dr,Insurance:Commercial 535 Boat Harbour Dr,Expense,Expense,6-2000,6,1513,6-1513,,
Insurance:Insurance 229 Maryborough Herve,Insurance:Insurance 229 Maryborough Herve,Expense,Expense,6-2000,6,1514,6-1514,,
Insurance:Business Insurance,Insurance:Business Insurance,Expense,Expense,6-2000,6,1515,6-1515,,
Insurance:Insurance Broker Fee,Insurance:Insurance Broker Fee,Expense,Expense,6-2000,6,1516,6-1516,,
Insurance:Management Liability Insurance,Insurance:Management Liability Insurance,Expense,Expense,6-2000,6,1517,6-1517,,
Insurance:Vehicle Insurance,Insurance:Vehicle Insurance,Expense,Expense,6-2000,6,1518,6-1518,,
Insurance:Work Cover,Insurance:Work Cover,Expense,Expense,6-2000,6,1519,6-1519,,
Interest,Interest,Expense,Expense,6-2000,6,1520,6-1520,,
Legal Costs,Legal Costs,Expense,Expense,6-2000,6,1522,6-1522,,
Low Cost Assets,Low Cost Assets,Expense,Expense,6-2000,6,1523,6-1523,,
Membership Fees,Membership Fees,Expense,Expense,6-2000,6,1627,6-1627,,
Merchant Fees,Merchant Fees,Expense,Expense,6-2000,6,1629,6-1629,,
Money transfered to Long Servic,Money transfered to Long Servic,Expense,Expense,6-2000,6,1631,6-1631,,
Motor Vehicle Expenses,Motor Vehicle Expenses,Expense,Expense,6-2000,6,1632,6-1632,,
Motor Vehicle Expenses:Jeep Grand Cherokee SRT57,Motor Vehicle Expenses:Jeep Grand Cherokee SRT57,Expense,Expense,6-2000,6,1633,6-1633,,
Motor Vehicle Expenses:Jeep Grand Cherokee SRT57:Repairs & Maintenance,Jeep Grand Cherokee SRT57:Repairs & Maintenance,Expense,Expense,6-2000,6,1634,6-1634,70,47
Motor Vehicle Expenses:Jeep Grand Cherokee SRT57:Registration & Insurance,Jeep Grand Cherokee SRT57:Registration & Insurance,Expense,Expense,6-2000,6,1635,6-1635,,
Motor Vehicle Expenses:Jeep Grand Cherokee SRT57:Fuel,Jeep Grand Cherokee SRT57:Fuel,Expense,Expense,6-2000,6,1636,6-1636,,
Motor Vehicle Expenses:Mercedes A45S TRY13,Motor Vehicle Expenses:Mercedes A45S TRY13,Expense,Expense,6-2000,6,1637,6-1637,,
Motor Vehicle Expenses:Mercedes A45S TRY13:Repairs & Maintenance,Mercedes A45S TRY13:Repairs & Maintenance,Expense,Expense,6-2000,6,1638,6-1638,,
Motor Vehicle Expenses:Mercedes A45S TRY13:Rego & Insurance,Mercedes A45S TRY13:Rego & Insurance,Expense,Expense,6-2000,6,1639,6-1639,,
Motor Vehicle Expenses:Mercedes A45S TRY13:Fuel,Motor Vehicle Expenses:Mercedes A45S TRY13:Fuel,Expense,Expense,6-2000,6,1640,6-1640,,
Motor Vehicle Expenses:Chevrolet Silverado ZR2 UHI,Motor Vehicle Expenses:Chevrolet Silverado ZR2 UHI,Expense,Expense,6-2000,6,1645,6-1645,,
Motor Vehicle Expenses:Chevrolet Silverado ZR2 UHI:Repairs & Maintenance,Chevrolet Silverado ZR2 UHI:Repairs & Maintenance,Expense,Expense,6-2000,6,1646,6-1646,,
Motor Vehicle Expenses:Chevrolet Silverado ZR2 UHI:Rego & Insurance,Chevrolet Silverado ZR2 UHI:Rego & Insurance,Expense,Expense,6-2000,6,1647,6-1647,,
Motor Vehicle Expenses:Chevrolet Silverado ZR2 UHI:Fuel,Chevrolet Silverado ZR2 UHI:Fuel,Expense,Expense,6-2000,6,1648,6-1648,,
Motor Vehicle Expenses:GWM Cannon UHI23,Motor Vehicle Expenses:GWM Cannon UHI23,Expense,Expense,6-2000,6,1649,6-1649,,
Motor Vehicle Expenses:GWM Cannon UHI23:Repairs & Maintenance,GWM Cannon UHI23:Repairs & Maintenance,Expense,Expense,6-2000,6,1650,6-1650,,
Motor Vehicle Expenses:GWM Cannon UHI23:Rego & Insurance,GWM Cannon UHI23:Rego & Insurance,Expense,Expense,6-2000,6,1651,6-1651,,
Motor Vehicle Expenses:GWM Cannon UHI23:Fuel,Motor Vehicle Expenses:GWM Cannon UHI23:Fuel,Expense,Expense,6-2000,6,1652,6-1652,,
Motor Vehicle Expenses:Toyota HiAce UHI05,Motor Vehicle Expenses:Toyota HiAce UHI05,Expense,Expense,6-2000,6,1653,6-1653,,
Motor Vehicle Expenses:Toyota HiAce UHI05:Repairs & Maintenance,Toyota HiAce UHI05:Repairs & Maintenance,Expense,Expense,6-2000,6,1654,6-1654,,
Motor Vehicle Expenses:Toyota HiAce UHI05:Rego & Insurance,Toyota HiAce UHI05:Rego & Insurance,Expense,Expense,6-2000,6,1655,6-1655,,
Motor Vehicle Expenses:Toyota HiAce UHI05:Fuel,Motor Vehicle Expenses:Toyota HiAce UHI05:Fuel,Expense,Expense,6-2000,6,1656,6-1656,,
Motor Vehicle Expenses:Toyota Hiace UHI22,Motor Vehicle Expenses:Toyota Hiace UHI22,Expense,Expense,6-2000,6,1657,6-1657,,
Motor Vehicle Expenses:Toyota Hiace UHI22:Repairs & Maintenance,Toyota Hiace UHI22:Repairs & Maintenance,Expense,Expense,6-2000,6,1658,6-1658,,
Motor Vehicle Expenses:Toyota Hiace UHI22:Rego & Insurance,Toyota Hiace UHI22:Rego & Insurance,Expense,Expense,6-2000,6,1659,6-1659,,
Motor Vehicle Expenses:Toyota Hiace UHI22:Fuel,Motor Vehicle Expenses:Toyota Hiace UHI22:Fuel,Expense,Expense,6-2000,6,1660,6-1660,,
Motor Vehicle Expenses:Toyota Hilux UHI21,Motor Vehicle Expenses:Toyota Hilux UHI21,Expense,Expense,6-2000,6,1661,6-1661,,
Motor Vehicle Expenses:Toyota Hilux UHI21:Fuel,Motor Vehicle Expenses:Toyota Hilux UHI21:Fuel,Expense,Expense,6-2000,6,1662,6-1662,,
Motor Vehicle Expenses:Toyota Hilux UHI21:Rego & Insurance,Toyota Hilux UHI21:Rego & Insurance,Expense,Expense,6-2000,6,1663,6-1663,,
Motor Vehicle Expenses:Toyota Hilux UHI21:Repairs & Maintenance,Toyota Hilux UHI21:Repairs & Maintenance,Expense,Expense,6-2000,6,1664,6-1664,,
Motor Vehicle Expenses:Audi A5 - I UHI I,Motor Vehicle Expenses:Audi A5 - I UHI I,Expense,Expense,6-2000,6,1665,6-1665,,
Motor Vehicle Expenses:Audi A5 - I UHI I:Fuel,Motor Vehicle Expenses:Audi A5 - I UHI I:Fuel,Expense,Expense,6-2000,6,1666,6-1666,,
Motor Vehicle Expenses:Audi A5 - I UHI I:Registration & Insurance,Audi A5 - I UHI I:Registration & Insurance,Expense,Expense,6-2000,6,1667,6-1667,,
Motor Vehicle Expenses:Audi A5 - I UHI I:Repairs & Maintenance,Audi A5 - I UHI I:Repairs & Maintenance,Expense,Expense,6-2000,6,1668,6-1668,,
Motor Vehicle Expenses:BMW 320I UHI18,Motor Vehicle Expenses:BMW 320I UHI18,Expense,Expense,6-2000,6,1673,6-1673,,
Motor Vehicle Expenses:BMW 320I UHI18:Fuel,Motor Vehicle Expenses:BMW 320I UHI18:Fuel,Expense,Expense,6-2000,6,1674,6-1674,,
Motor Vehicle Expenses:BMW 320I UHI18:Registration & Insurance,BMW 320I UHI18:Registration & Insurance,Expense,Expense,6-2000,6,1675,6-1675,,
Motor Vehicle Expenses:BMW 320I UHI18:Repairs & Maintenance,BMW 320I UHI18:Repairs & Maintenance,Expense,Expense,6-2000,6,1676,6-1676,,
Motor Vehicle Expenses:Forklift Enforcer 2.5T,Motor Vehicle Expenses:Forklift Enforcer 2.5T,Expense,Expense,6-2000,6,1677,6-1677,,
Motor Vehicle Expenses:Forklift Enforcer 2.5T:Fuel,Motor Vehicle Expenses:Forklift Enforcer 2.5T:Fuel,Expense,Expense,6-2000,6,1678,6-1678,,
Motor Vehicle Expenses:Forklift Enforcer 2.5T:Repairs & Maintenance,Forklift Enforcer 2.5T:Repairs & Maintenance,Expense,Expense,6-2000,6,1679,6-1679,,
Motor Vehicle Expenses:GWM Cannon Ute 925CQ9,Motor Vehicle Expenses:GWM Cannon Ute 925CQ9,Expense,Expense,6-2000,6,1684,6-1684,,
Motor Vehicle Expenses:GWM Cannon Ute 925CQ9:Fuel,Motor Vehicle Expenses:GWM Cannon Ute 925CQ9:Fuel,Expense,Expense,6-2000,6,1685,6-1685,,
Motor Vehicle Expenses:GWM Cannon Ute 925CQ9:Registration & Insurance,GWM Cannon Ute 925CQ9:Registration & Insurance,Expense,Expense,6-2000,6,1686,6-1686,,
Motor Vehicle Expenses:GWM Cannon Ute 925CQ9:Repairs & Maintenance,GWM Cannon Ute 925CQ9:Repairs & Maintenance,Expense,Expense,6-2000,6,1687,6-1687,,
Motor Vehicle Expenses:Holden Colorado 006WPQ Noosa,Holden Colorado 006WPQ Noosa,Expense,Expense,6-2000,6,1688,6-1688,,
Motor Vehicle Expenses:Holden Colorado 006WPQ Noosa:Fuel,Holden Colorado 006WPQ Noosa:Fuel,Expense,Expense,6-2000,6,1689,6-1689,,
Motor Vehicle Expenses:Holden Colorado 006WPQ Noosa:Registration & Insurance,Holden Colorado 006WPQ Noosa:Regis. & Insurance,Expense,Expense,6-2000,6,1690,6-1690,,
Motor Vehicle Expenses:Holden Colorado 006WPQ Noosa:Repairs & Maintenance,Holden Colorado 006WPQ Noosa:Repairs & Maintenance,Expense,Expense,6-2000,6,1691,6-1691,,
Motor Vehicle Expenses:Holden Colorado White Holden1,Holden Colorado White Holden1,Expense,Expense,6-2000,6,1696,6-1696,,
Motor Vehicle Expenses:Holden Colorado White Holden1:Fuel,Holden Colorado White Holden1:Fuel,Expense,Expense,6-2000,6,1697,6-1697,,
Motor Vehicle Expenses:Holden Colorado White Holden1:Registration & Insurance,Holden Colorado White Holden1:Regis. & Insurance,Expense,Expense,6-2000,6,1698,6-1698,,
Motor Vehicle Expenses:Holden Colorado White Holden1:Repairs & Maintenance,Holden Colorado White Holden1:Repair & Maintenance,Expense,Expense,6-2000,6,1699,6-1699,,
Motor Vehicle Expenses:Holden Trailblazer KLH015,Motor Vehicle Expenses:Holden Trailblazer KLH015,Expense,Expense,6-2000,6,1716,6-1716,,
Motor Vehicle Expenses:Holden Trailblazer KLH015:Fuel,Holden Trailblazer KLH015:Fuel,Expense,Expense,6-2000,6,1717,6-1717,,
Motor Vehicle Expenses:Holden Trailblazer KLH015:Registration & Insurance,Holden Trailblazer KLH015:Registration & Insurance,Expense,Expense,6-2000,6,1718,6-1718,,
Motor Vehicle Expenses:Holden Trailblazer KLH015:Repairs & Maintenance,Holden Trailblazer KLH015:Repairs & Maintenance,Expense,Expense,6-2000,6,1719,6-1719,,
Motor Vehicle Expenses:Holden VF SSV- SIK21,Motor Vehicle Expenses:Holden VF SSV- SIK21,Expense,Expense,6-2000,6,1720,6-1720,,
Motor Vehicle Expenses:Holden VF SSV- SIK21:Fuel,Motor Vehicle Expenses:Holden VF SSV- SIK21:Fuel,Expense,Expense,6-2000,6,1721,6-1721,,
Motor Vehicle Expenses:Holden VF SSV- SIK21:Rego & Insurance,Holden VF SSV- SIK21:Rego & Insurance,Expense,Expense,6-2000,6,1722,6-1722,,
Motor Vehicle Expenses:Holden VF SSV- SIK21:Repairs & Maintenance,Holden VF SSV- SIK21:Repairs & Maintenance,Expense,Expense,6-2000,6,1723,6-1723,,
Motor Vehicle Expenses:HSV Senator HOLDEN1,Motor Vehicle Expenses:HSV Senator HOLDEN1,Expense,Expense,6-2000,6,1724,6-1724,,
Motor Vehicle Expenses:HSV Senator HOLDEN1:Fuel,Motor Vehicle Expenses:HSV Senator HOLDEN1:Fuel,Expense,Expense,6-2000,6,1725,6-1725,,
Motor Vehicle Expenses:HSV Senator HOLDEN1:Registration & Insurance,HSV Senator HOLDEN1:Registration & Insurance,Expense,Expense,6-2000,6,1726,6-1726,,
Motor Vehicle Expenses:HSV Senator HOLDEN1:Repairs & Maintenance,HSV Senator HOLDEN1:Repairs & Maintenance,Expense,Expense,6-2000,6,1727,6-1727,,
Motor Vehicle Expenses:Hyundai ILoad- UHI05,Motor Vehicle Expenses:Hyundai ILoad- UHI05,Expense,Expense,6-2000,6,1728,6-1728,,
Motor Vehicle Expenses:Hyundai ILoad- UHI05:Fuel,Motor Vehicle Expenses:Hyundai ILoad- UHI05:Fuel,Expense,Expense,6-2000,6,1729,6-1729,,
Motor Vehicle Expenses:Hyundai ILoad- UHI05:Registration & Insurance,Hyundai ILoad- UHI05:Registration & Insurance,Expense,Expense,6-2000,6,1730,6-1730,,
Motor Vehicle Expenses:Hyundai ILoad- UHI05:Repairs & Maintenance,Hyundai ILoad- UHI05:Repairs & Maintenance,Expense,Expense,6-2000,6,1731,6-1731,,
Motor Vehicle Expenses:Hyundai Iload-UHI06,Motor Vehicle Expenses:Hyundai Iload-UHI06,Expense,Expense,6-2000,6,1736,6-1736,,
Motor Vehicle Expenses:Hyundai Iload-UHI06:Fuel,Motor Vehicle Expenses:Hyundai Iload-UHI06:Fuel,Expense,Expense,6-2000,6,1737,6-1737,,
Motor Vehicle Expenses:Hyundai Iload-UHI06:Registration & Insurance,Hyundai Iload-UHI06:Registration & Insurance,Expense,Expense,6-2000,6,1738,6-1738,,
Motor Vehicle Expenses:Hyundai Iload-UHI06:Repairs & Maintenance,Hyundai Iload-UHI06:Repairs & Maintenance,Expense,Expense,6-2000,6,1739,6-1739,,
Motor Vehicle Expenses:Isuzu Truck,Motor Vehicle Expenses:Isuzu Truck,Expense,Expense,6-2000,6,1740,6-1740,,
Motor Vehicle Expenses:Isuzu Truck:Fuel & Oil,Motor Vehicle Expenses:Isuzu Truck:Fuel & Oil,Expense,Expense,6-2000,6,1741,6-1741,,
Motor Vehicle Expenses:Isuzu Truck:Rego & Insurance,Isuzu Truck:Rego & Insurance,Expense,Expense,6-2000,6,1742,6-1742,,
Motor Vehicle Expenses:Isuzu Truck:Repairs & Maintenance,Isuzu Truck:Repairs & Maintenance,Expense,Expense,6-2000,6,1743,6-1743,,
Motor Vehicle Expenses:Isuzu Truck:Toll,Motor Vehicle Expenses:Isuzu Truck:Toll,Expense,Expense,6-2000,6,1744,6-1744,,
Motor Vehicle Expenses:Jaguar F Pace - MEG522,Motor Vehicle Expenses:Jaguar F Pace - MEG522,Expense,Expense,6-2000,6,1745,6-1745,,
Motor Vehicle Expenses:Jaguar F Pace - MEG522:Fuel,Motor Vehicle Expenses:Jaguar F Pace - MEG522:Fuel,Expense,Expense,6-2000,6,1746,6-1746,,
Motor Vehicle Expenses:Jaguar F Pace - MEG522:Maintenance,Jaguar F Pace - MEG522:Maintenance,Expense,Expense,6-2000,6,1747,6-1747,,
Motor Vehicle Expenses:Jaguar F Pace - MEG522:Rego & Insurance,Jaguar F Pace - MEG522:Rego & Insurance,Expense,Expense,6-2000,6,1748,6-1748,,
Motor Vehicle Expenses:Jeep Grand Cherokee - UHI01,Motor Vehicle Expenses:Jeep Grand Cherokee - UHI01,Expense,Expense,6-2000,6,1757,6-1757,,
Motor Vehicle Expenses:Jeep Grand Cherokee - UHI01:Fuel,Jeep Grand Cherokee - UHI01:Fuel,Expense,Expense,6-2000,6,1758,6-1758,,
Motor Vehicle Expenses:Jeep Grand Cherokee - UHI01:Registration & Insurance,Jeep Grand Cherokee - UHI01:Regis. & Insurance,Expense,Expense,6-2000,6,1759,6-1759,,
Motor Vehicle Expenses:Jeep Grand Cherokee - UHI01:Repairs & Maintenance,Jeep Grand Cherokee - UHI01:Repairs & Maintenance,Expense,Expense,6-2000,6,1760,6-1760,,
Motor Vehicle Expenses:Kia Cerato 564XBF,Motor Vehicle Expenses:Kia Cerato 564XBF,Expense,Expense,6-2000,6,1761,6-1761,,
Motor Vehicle Expenses:Kia Cerato 564XBF:Fuel,Motor Vehicle Expenses:Kia Cerato 564XBF:Fuel,Expense,Expense,6-2000,6,1762,6-1762,,
Motor Vehicle Expenses:Kia Cerato 564XBF:Registration & Insurance,Kia Cerato 564XBF:Registration & Insurance,Expense,Expense,6-2000,6,1763,6-1763,,
Motor Vehicle Expenses:Kia Cerato 564XBF:Repairs & Maintenance,Kia Cerato 564XBF:Repairs & Maintenance,Expense,Expense,6-2000,6,1764,6-1764,,
Motor Vehicle Expenses:Kia Stinger - Sik21,Motor Vehicle Expenses:Kia Stinger - Sik21,Expense,Expense,6-2000,6,1765,6-1765,,
Motor Vehicle Expenses:Kia Stinger - Sik21:Fuel,Motor Vehicle Expenses:Kia Stinger - Sik21:Fuel,Expense,Expense,6-2000,6,1766,6-1766,,
Motor Vehicle Expenses:Kia Stinger - Sik21:Rego & Insurance,Kia Stinger - Sik21:Rego & Insurance,Expense,Expense,6-2000,6,1767,6-1767,,
Motor Vehicle Expenses:Kia Stinger - Sik21:Repairs & Maintenance,Kia Stinger - Sik21:Repairs & Maintenance,Expense,Expense,6-2000,6,1768,6-1768,,
Motor Vehicle Expenses:LDV Ute UHI13,Motor Vehicle Expenses:LDV Ute UHI13,Expense,Expense,6-2000,6,1769,6-1769,,
Motor Vehicle Expenses:LDV Ute UHI13:Fuel,Motor Vehicle Expenses:LDV Ute UHI13:Fuel,Expense,Expense,6-2000,6,1770,6-1770,,
Motor Vehicle Expenses:LDV Ute UHI13:Registration & Insurance,LDV Ute UHI13:Registration & Insurance,Expense,Expense,6-2000,6,1771,6-1771,,
Motor Vehicle Expenses:LDV Ute UHI13:Repairs & Maintenance,LDV Ute UHI13:Repairs & Maintenance,Expense,Expense,6-2000,6,1772,6-1772,,
Motor Vehicle Expenses:Mercedes- TRY13,Motor Vehicle Expenses:Mercedes- TRY13,Expense,Expense,6-2000,6,1773,6-1773,,
Motor Vehicle Expenses:Mercedes- TRY13:Fuel,Motor Vehicle Expenses:Mercedes- TRY13:Fuel,Expense,Expense,6-2000,6,1774,6-1774,,
Motor Vehicle Expenses:Mercedes- TRY13:Rego & Insurance,Mercedes- TRY13:Rego & Insurance,Expense,Expense,6-2000,6,1775,6-1775,,
Motor Vehicle Expenses:Mercedes- TRY13:Repairs & Maintenance,Mercedes- TRY13:Repairs & Maintenance,Expense,Expense,6-2000,6,1776,6-1776,,
Motor Vehicle Expenses:Nissan Condor Truck XQ320V,Motor Vehicle Expenses:Nissan Condor Truck XQ320V,Expense,Expense,6-2000,6,1777,6-1777,,
Motor Vehicle Expenses:Nissan Condor Truck XQ320V:Registration & Insurance,Nissan Condor Truck XQ320V:Registration&Insurance,Expense,Expense,6-2000,6,1778,6-1778,,
Motor Vehicle Expenses:RACQ Expenses,Motor Vehicle Expenses:RACQ Expenses,Expense,Expense,6-2000,6,1779,6-1779,,
Motor Vehicle Expenses:Toyota Camry SX UHI12,Motor Vehicle Expenses:Toyota Camry SX UHI12,Expense,Expense,6-2000,6,1780,6-1780,,
Motor Vehicle Expenses:Toyota Camry SX UHI12:Fuel,Motor Vehicle Expenses:Toyota Camry SX UHI12:Fuel,Expense,Expense,6-2000,6,1781,6-1781,,
Motor Vehicle Expenses:Toyota Camry SX UHI12:Rego & Insurance,Toyota Camry SX UHI12:Rego & Insurance,Expense,Expense,6-2000,6,1782,6-1782,,
Motor Vehicle Expenses:Toyota Camry SX UHI12:Repairs & Maintenance,Toyota Camry SX UHI12:Repairs & Maintenance,Expense,Expense,6-2000,6,1783,6-1783,,
Motor Vehicle Expenses:Toyota Camry SX UHI14 2021,Motor Vehicle Expenses:Toyota Camry SX UHI14 2021,Expense,Expense,6-2000,6,1784,6-1784,,
Motor Vehicle Expenses:Toyota Camry SX UHI14 2021:Fuel,Toyota Camry SX UHI14 2021:Fuel,Expense,Expense,6-2000,6,1785,6-1785,,
Motor Vehicle Expenses:Toyota Camry SX UHI14 2021:Rego & Insurance,Toyota Camry SX UHI14 2021:Rego & Insurance,Expense,Expense,6-2000,6,1786,6-1786,,
Motor Vehicle Expenses:Toyota Camry SX UHI14 2021:Repairs & Maintenance,Toyota Camry SX UHI14 2021:Repairs & Maintenance,Expense,Expense,6-2000,6,1787,6-1787,,
Motor Vehicle Expenses:Toyota Camry UHI03,Motor Vehicle Expenses:Toyota Camry UHI03,Expense,Expense,6-2000,6,1788,6-1788,,
Motor Vehicle Expenses:Toyota Camry UHI03:Fuel,Motor Vehicle Expenses:Toyota Camry UHI03:Fuel,Expense,Expense,6-2000,6,1789,6-1789,,
Motor Vehicle Expenses:Toyota Camry UHI03:Rego & Insurance,Toyota Camry UHI03:Rego & Insurance,Expense,Expense,6-2000,6,1790,6-1790,,
Motor Vehicle Expenses:Toyota Camry UHI03:Repairs & Maintenance,Toyota Camry UHI03:Repairs & Maintenance,Expense,Expense,6-2000,6,1791,6-1791,,
Motor Vehicle Expenses:Toyota Camry UHI09,Motor Vehicle Expenses:Toyota Camry UHI09,Expense,Expense,6-2000,6,1792,6-1792,,
Motor Vehicle Expenses:Toyota Camry UHI09:Fuel,Motor Vehicle Expenses:Toyota Camry UHI09:Fuel,Expense,Expense,6-2000,6,1793,6-1793,,
Motor Vehicle Expenses:Toyota Camry UHI09:Rego & Insurance,Toyota Camry UHI09:Rego & Insurance,Expense,Expense,6-2000,6,1794,6-1794,,
Motor Vehicle Expenses:Toyota Camry UHI09:Repairs & Maintenance,Toyota Camry UHI09:Repairs & Maintenance,Expense,Expense,6-2000,6,1795,6-1795,,
Motor Vehicle Expenses:Toyota Camry UHI10,Motor Vehicle Expenses:Toyota Camry UHI10,Expense,Expense,6-2000,6,1796,6-1796,,
Motor Vehicle Expenses:Toyota Camry UHI10:Fuel,Motor Vehicle Expenses:Toyota Camry UHI10:Fuel,Expense,Expense,6-2000,6,1797,6-1797,,
Motor Vehicle Expenses:Toyota Camry UHI10:Rego & Insurance,Toyota Camry UHI10:Rego & Insurance,Expense,Expense,6-2000,6,1798,6-1798,,
Motor Vehicle Expenses:Toyota Camry UHI10:Repairs & Maintenance,Toyota Camry UHI10:Repairs & Maintenance,Expense,Expense,6-2000,6,1799,6-1799,,
Motor Vehicle Expenses:Toyota Camry UHI16,Motor Vehicle Expenses:Toyota Camry UHI16,Expense,Expense,6-2000,6,1800,6-1800,,
Motor Vehicle Expenses:Toyota Camry UHI16:Fuel,Motor Vehicle Expenses:Toyota Camry UHI16:Fuel,Expense,Expense,6-2000,6,1801,6-1801,,
Motor Vehicle Expenses:Toyota Camry UHI16:Rego & Insurance,Toyota Camry UHI16:Rego & Insurance,Expense,Expense,6-2000,6,1802,6-1802,,
Motor Vehicle Expenses:Toyota Camry UHI16:Repairs & Maintenance,Toyota Camry UHI16:Repairs & Maintenance,Expense,Expense,6-2000,6,1803,6-1803,,
Motor Vehicle Expenses:Toyota Hi-Ace UHI02,Motor Vehicle Expenses:Toyota Hi-Ace UHI02,Expense,Expense,6-2000,6,1804,6-1804,,
Motor Vehicle Expenses:Toyota Hi-Ace UHI02:Fuel,Motor Vehicle Expenses:Toyota Hi-Ace UHI02:Fuel,Expense,Expense,6-2000,6,1805,6-1805,,
Motor Vehicle Expenses:Toyota Hi-Ace UHI02:Rego & Insurance,Toyota Hi-Ace UHI02:Rego & Insurance,Expense,Expense,6-2000,6,1806,6-1806,,
Motor Vehicle Expenses:Toyota Hi-Ace UHI02:Repairs & Maintenance,Toyota Hi-Ace UHI02:Repairs & Maintenance,Expense,Expense,6-2000,6,1807,6-1807,,
Motor Vehicle Expenses:Toyota Hi-Ace UHI07,Motor Vehicle Expenses:Toyota Hi-Ace UHI07,Expense,Expense,6-2000,6,1808,6-1808,,
Motor Vehicle Expenses:Toyota Hi-Ace UHI07:Fuel,Motor Vehicle Expenses:Toyota Hi-Ace UHI07:Fuel,Expense,Expense,6-2000,6,1809,6-1809,,
Motor Vehicle Expenses:Toyota Hi-Ace UHI07:Rego & Insurance,Toyota Hi-Ace UHI07:Rego & Insurance,Expense,Expense,6-2000,6,1810,6-1810,,
Motor Vehicle Expenses:Toyota Hi-Ace UHI07:Repairs & Maintenance,Toyota Hi-Ace UHI07:Repairs & Maintenance,Expense,Expense,6-2000,6,1811,6-1811,,
Motor Vehicle Expenses:Toyota HiAce - UHI15,Motor Vehicle Expenses:Toyota HiAce - UHI15,Expense,Expense,6-2000,6,1812,6-1812,,
Motor Vehicle Expenses:Toyota HiAce - UHI15:Fuel,Motor Vehicle Expenses:Toyota HiAce - UHI15:Fuel,Expense,Expense,6-2000,6,1813,6-1813,,
Motor Vehicle Expenses:Toyota HiAce - UHI15:Rego & Insurance,Toyota HiAce - UHI15:Rego & Insurance,Expense,Expense,6-2000,6,1814,6-1814,,
Motor Vehicle Expenses:Toyota HiAce - UHI15:Repairs & Maintenance,Toyota HiAce - UHI15:Repairs & Maintenance,Expense,Expense,6-2000,6,1815,6-1815,,
Motor Vehicle Expenses:Toyota Hiace UHI17,Motor Vehicle Expenses:Toyota Hiace UHI17,Expense,Expense,6-2000,6,1816,6-1816,,
Motor Vehicle Expenses:Toyota Hiace UHI17:Fuel,Motor Vehicle Expenses:Toyota Hiace UHI17:Fuel,Expense,Expense,6-2000,6,1817,6-1817,,
Motor Vehicle Expenses:Toyota Hiace UHI17:Registration & Insurance,Toyota Hiace UHI17:Registration & Insurance,Expense,Expense,6-2000,6,1818,6-1818,,
Motor Vehicle Expenses:Toyota Hiace UHI17:Repairs & Maintenance,Toyota Hiace UHI17:Repairs & Maintenance,Expense,Expense,6-2000,6,1819,6-1819,,
Motor Vehicle Expenses:Toyota Hilux 068XYS,Motor Vehicle Expenses:Toyota Hilux 068XYS,Expense,Expense,6-2000,6,1820,6-1820,,
Motor Vehicle Expenses:Toyota Hilux 068XYS:Fuel,Motor Vehicle Expenses:Toyota Hilux 068XYS:Fuel,Expense,Expense,6-2000,6,1821,6-1821,,
Motor Vehicle Expenses:Toyota Hilux 068XYS:Rego & Insurance,Toyota Hilux 068XYS:Rego & Insurance,Expense,Expense,6-2000,6,1822,6-1822,,
Motor Vehicle Expenses:Toyota Hilux 068XYS:Repairs & Maintenance,Toyota Hilux 068XYS:Repairs & Maintenance,Expense,Expense,6-2000,6,1823,6-1823,,
Motor Vehicle Expenses:Toyota Hilux 137YAK,Motor Vehicle Expenses:Toyota Hilux 137YAK,Expense,Expense,6-2000,6,1824,6-1824,,
Motor Vehicle Expenses:Toyota Hilux 137YAK:Fuel,Motor Vehicle Expenses:Toyota Hilux 137YAK:Fuel,Expense,Expense,6-2000,6,1825,6-1825,,
Motor Vehicle Expenses:Toyota Hilux 137YAK:Rego & Insurance,Toyota Hilux 137YAK:Rego & Insurance,Expense,Expense,6-2000,6,1826,6-1826,,
Motor Vehicle Expenses:Toyota Hilux 137YAK:Repairs & Maintenance,Toyota Hilux 137YAK:Repairs & Maintenance,Expense,Expense,6-2000,6,1827,6-1827,,
Motor Vehicle Expenses:Toyota Hilux 380XJW,Motor Vehicle Expenses:Toyota Hilux 380XJW,Expense,Expense,6-2000,6,1828,6-1828,,
Motor Vehicle Expenses:Toyota Hilux 380XJW:Fuel,Motor Vehicle Expenses:Toyota Hilux 380XJW:Fuel,Expense,Expense,6-2000,6,1829,6-1829,,
Motor Vehicle Expenses:Toyota Hilux 380XJW:Rego & Insurance,Toyota Hilux 380XJW:Rego & Insurance,Expense,Expense,6-2000,6,1830,6-1830,,
Motor Vehicle Expenses:Toyota Hilux 380XJW:Repairs & Maintenance,Toyota Hilux 380XJW:Repairs & Maintenance,Expense,Expense,6-2000,6,1831,6-1831,,
Motor Vehicle Expenses:Toyota Hilux 381XJW,Motor Vehicle Expenses:Toyota Hilux 381XJW,Expense,Expense,6-2000,6,1832,6-1832,,
Motor Vehicle Expenses:Toyota Hilux 381XJW:Fuel,Motor Vehicle Expenses:Toyota Hilux 381XJW:Fuel,Expense,Expense,6-2000,6,1833,6-1833,,
Motor Vehicle Expenses:Toyota Hilux 381XJW:Rego & Insurance,Toyota Hilux 381XJW:Rego & Insurance,Expense,Expense,6-2000,6,1834,6-1834,,
Motor Vehicle Expenses:Toyota Hilux 381XJW:Repairs & Maintenance,Toyota Hilux 381XJW:Repairs & Maintenance,Expense,Expense,6-2000,6,1835,6-1835,,
Motor Vehicle Expenses:Toyota Hilux 382XJW,Motor Vehicle Expenses:Toyota Hilux 382XJW,Expense,Expense,6-2000,6,1836,6-1836,,
Motor Vehicle Expenses:Toyota Hilux 382XJW:Fuel,Motor Vehicle Expenses:Toyota Hilux 382XJW:Fuel,Expense,Expense,6-2000,6,1837,6-1837,,
Motor Vehicle Expenses:Toyota Hilux 382XJW:Rego & Insurance,Toyota Hilux 382XJW:Rego & Insurance,Expense,Expense,6-2000,6,1838,6-1838,,
Motor Vehicle Expenses:Toyota Hilux 382XJW:Repairs & Maintenance,Toyota Hilux 382XJW:Repairs & Maintenance,Expense,Expense,6-2000,6,1839,6-1839,,
Motor Vehicle Expenses:Toyota Hilux 383XJW,Motor Vehicle Expenses:Toyota Hilux 383XJW,Expense,Expense,6-2000,6,1840,6-1840,,
Motor Vehicle Expenses:Toyota Hilux 383XJW:Fuel,Motor Vehicle Expenses:Toyota Hilux 383XJW:Fuel,Expense,Expense,6-2000,6,1841,6-1841,,
Motor Vehicle Expenses:Toyota Hilux 383XJW:Rego & Insurance,Toyota Hilux 383XJW:Rego & Insurance,Expense,Expense,6-2000,6,1842,6-1842,,
Motor Vehicle Expenses:Toyota Hilux 383XJW:Repairs & Maintenance,Toyota Hilux 383XJW:Repairs & Maintenance,Expense,Expense,6-2000,6,1843,6-1843,,
Motor Vehicle Expenses:Toyota Hilux SR UHI04,Motor Vehicle Expenses:Toyota Hilux SR UHI04,Expense,Expense,6-2000,6,1844,6-1844,,
Motor Vehicle Expenses:Toyota Hilux SR UHI04:Fuel,Motor Vehicle Expenses:Toyota Hilux SR UHI04:Fuel,Expense,Expense,6-2000,6,1845,6-1845,,
Motor Vehicle Expenses:Toyota Hilux SR UHI04:Rego & Insurance,Toyota Hilux SR UHI04:Rego & Insurance,Expense,Expense,6-2000,6,1846,6-1846,,
Motor Vehicle Expenses:Toyota Hilux SR UHI04:Repairs & Maintenance,Toyota Hilux SR UHI04:Repairs & Maintenance,Expense,Expense,6-2000,6,1847,6-1847,,
Motor Vehicle Expenses:Toyota Hilux UHI 11,Motor Vehicle Expenses:Toyota Hilux UHI 11,Expense,Expense,6-2000,6,1852,6-1852,,
Motor Vehicle Expenses:Toyota Hilux UHI 11:Fuel,Motor Vehicle Expenses:Toyota Hilux UHI 11:Fuel,Expense,Expense,6-2000,6,1853,6-1853,,
Motor Vehicle Expenses:Toyota Hilux UHI 11:Rego & Insurance,Toyota Hilux UHI 11:Rego & Insurance,Expense,Expense,6-2000,6,1854,6-1854,,
Motor Vehicle Expenses:Toyota Hilux UHI 11:Repairs & Maintenance,Toyota Hilux UHI 11:Repairs & Maintenance,Expense,Expense,6-2000,6,1855,6-1855,,
Motor Vehicle Expenses:Toyota Hilux UHI08,Motor Vehicle Expenses:Toyota Hilux UHI08,Expense,Expense,6-2000,6,1856,6-1856,,
Motor Vehicle Expenses:Toyota Hilux UHI08:Fuel,Motor Vehicle Expenses:Toyota Hilux UHI08:Fuel,Expense,Expense,6-2000,6,1857,6-1857,,
Motor Vehicle Expenses:Toyota Hilux UHI08:Registration & Insurance,Toyota Hilux UHI08:Registration & Insurance,Expense,Expense,6-2000,6,1858,6-1858,,
Motor Vehicle Expenses:Toyota Hilux UHI08:Repairs & Maintenance,Toyota Hilux UHI08:Repairs & Maintenance,Expense,Expense,6-2000,6,1859,6-1859,,
Motor Vehicle Expenses:Toyota Hilux UHI19,Motor Vehicle Expenses:Toyota Hilux UHI19,Expense,Expense,6-2000,6,1860,6-1860,,
Motor Vehicle Expenses:Toyota Hilux UHI19:Fuel,Motor Vehicle Expenses:Toyota Hilux UHI19:Fuel,Expense,Expense,6-2000,6,1861,6-1861,,
Motor Vehicle Expenses:Toyota Hilux UHI19:Registration & Insurance,Toyota Hilux UHI19:Registration & Insurance,Expense,Expense,6-2000,6,1862,6-1862,,
Motor Vehicle Expenses:Toyota Hilux UHI19:Repairs & Maintenance,Toyota Hilux UHI19:Repairs & Maintenance,Expense,Expense,6-2000,6,1863,6-1863,,
Motor Vehicle Expenses:Toyota Hilux UHI20,Motor Vehicle Expenses:Toyota Hilux UHI20,Expense,Expense,6-2000,6,1864,6-1864,,
Motor Vehicle Expenses:Toyota Hilux UHI20:Fuel,Motor Vehicle Expenses:Toyota Hilux UHI20:Fuel,Expense,Expense,6-2000,6,1865,6-1865,,
Motor Vehicle Expenses:Toyota Hilux UHI20:Rego & Insurance,Toyota Hilux UHI20:Rego & Insurance,Expense,Expense,6-2000,6,1866,6-1866,,
Motor Vehicle Expenses:Toyota Hilux UHI20:Repairs & Maintenance,Toyota Hilux UHI20:Repairs & Maintenance,Expense,Expense,6-2000,6,1867,6-1867,,
Motor Vehicle Expenses:Toyota Prado KLH015,Motor Vehicle Expenses:Toyota Prado KLH015,Expense,Expense,6-2000,6,1868,6-1868,,
Motor Vehicle Expenses:Toyota Prado KLH015:Fuel,Motor Vehicle Expenses:Toyota Prado KLH015:Fuel,Expense,Expense,6-2000,6,1869,6-1869,,
Motor Vehicle Expenses:Toyota Prado KLH015:Registration & Insurance,Toyota Prado KLH015:Registration & Insurance,Expense,Expense,6-2000,6,1870,6-1870,,
Motor Vehicle Expenses:Toyota Prado KLH015:Repairs & Maintenance,Toyota Prado KLH015:Repairs & Maintenance,Expense,Expense,6-2000,6,1871,6-1871,,
Motor Vehicle Expenses:Trailer,Motor Vehicle Expenses:Trailer,Expense,Expense,6-2000,6,1872,6-1872,,
Motor Vehicle Expenses:Trailer:Rego & Insurance,Motor Vehicle Expenses:Trailer:Rego & Insurance,Expense,Expense,6-2000,6,1873,6-1873,,
New Building Fitout,New Building Fitout,Expense,Expense,6-2000,6,1898,6-1898,,
Newfurn H/Bay,Newfurn H/Bay,Expense,Expense,6-2000,6,1899,6-1899,,
Newfurn H/Bay:Group Support Levy,Newfurn H/Bay:Group Support Levy,Expense,Expense,6-2000,6,1900,6-1900,,
Newfurn H/Bay:Members Advertising,Newfurn H/Bay:Members Advertising,Expense,Expense,6-2000,6,1901,6-1901,,
Newfurn H/Bay:Point of Sale,Newfurn H/Bay:Point of Sale,Expense,Expense,6-2000,6,1902,6-1902,,
Newfurn H/Bay:Shareholder Levy,Newfurn H/Bay:Shareholder Levy,Expense,Expense,6-2000,6,1903,6-1903,,
Noosa Expenses,Noosa Expenses,Expense,Expense,6-2000,6,1904,6-1904,,
Noosa Expenses:Accommodation,Noosa Expenses:Accommodation,Expense,Expense,6-2000,6,1905,6-1905,,
Noosa Expenses:Advertising,Noosa Expenses:Advertising,Expense,Expense,6-2000,6,1906,6-1906,,
Noosa Expenses:Bank Charges,Noosa Expenses:Bank Charges,Expense,Expense,6-2000,6,1907,6-1907,,
Noosa Expenses:Computer Expenses,Noosa Expenses:Computer Expenses,Expense,Expense,6-2000,6,1908,6-1908,,
Noosa Expenses:Electricity,Noosa Expenses:Electricity,Expense,Expense,6-2000,6,1909,6-1909,,
Noosa Expenses:Merchant Fee,Noosa Expenses:Merchant Fee,Expense,Expense,6-2000,6,1910,6-1910,,
Noosa Expenses:Merchant Fees,Noosa Expenses:Merchant Fees,Expense,Expense,6-2000,6,1911,6-1911,,
Noosa Expenses:Newfurn Noosa,Noosa Expenses:Newfurn Noosa,Expense,Expense,6-2000,6,1912,6-1912,,
Noosa Expenses:Newfurn Noosa:Effective Freight Solutions,Expenses:Newfurn Noosa:Effective Freight Solutions,Expense,Expense,6-2000,6,1913,6-1913,,
Noosa Expenses:Newfurn Noosa:Group Support Levy,Noosa Expenses:Newfurn Noosa:Group Support Levy,Expense,Expense,6-2000,6,1914,6-1914,,
Noosa Expenses:Newfurn Noosa:Inspiring Choices,Noosa Expenses:Newfurn Noosa:Inspiring Choices,Expense,Expense,6-2000,6,1915,6-1915,,
Noosa Expenses:Newfurn Noosa:Members Advertising,Noosa Expenses:Newfurn Noosa:Members Advertising,Expense,Expense,6-2000,6,1916,6-1916,,
Noosa Expenses:Newfurn Noosa:Point of Sale,Noosa Expenses:Newfurn Noosa:Point of Sale,Expense,Expense,6-2000,6,1917,6-1917,,
Noosa Expenses:Newfurn Noosa:Shareholders Levy,Noosa Expenses:Newfurn Noosa:Shareholders Levy,Expense,Expense,6-2000,6,1918,6-1918,,
Noosa Expenses:Printing & Stationary,Noosa Expenses:Printing & Stationary,Expense,Expense,6-2000,6,1919,6-1919,,
Noosa Expenses:QLD Crane Truck Services,Noosa Expenses:QLD Crane Truck Services,Expense,Expense,6-2000,6,1920,6-1920,,
Noosa Expenses:Rent,Noosa Expenses:Rent,Expense,Expense,6-2000,6,1921,6-1921,,
Noosa Expenses:Repairs & Maintenance,Noosa Expenses:Repairs & Maintenance,Expense,Expense,6-2000,6,1922,6-1922,,
Noosa Expenses:Sponsorship,Noosa Expenses:Sponsorship,Expense,Expense,6-2000,6,1923,6-1923,,
Noosa Expenses:Telephone,Noosa Expenses:Telephone,Expense,Expense,6-2000,6,1924,6-1924,,
Noosa Expenses:Uniforms,Noosa Expenses:Uniforms,Expense,Expense,6-2000,6,1925,6-1925,,
Noosa Expenses:Waste Expenses,Noosa Expenses:Waste Expenses,Expense,Expense,6-2000,6,1926,6-1926,,
Payroll Expenses,Payroll Expense,Expense,Expense,6-2000,6,1931,6-1931,,
Payroll Expenses:Deductions,Payroll Expenses:Deductions,Expense,Expense,6-2000,6,1933,6-1933,,
Payroll Expenses:Deductions:Board,Payroll Expenses:Deductions:Board,Expense,Expense,6-2000,6,1934,6-1934,,
Payroll Expenses:Deductions:Child Support,Payroll Expenses:Deductions:Child Support,Expense,Expense,6-2000,6,1937,6-1937,,
Payroll Expenses:Deductions:Rent,Payroll Expenses:Deductions:Rent,Expense,Expense,6-2000,6,1944,6-1944,,
Payroll Expenses:Directors Wages,Payroll Expenses:Directors Wages,Expense,Expense,6-2000,6,1947,6-1947,,
Payroll Expenses:Directors Wages:Directors - Holiday Expense,Payroll Expenses:Directors - Holiday Expense,Expense,Expense,6-2000,6,1948,6-1948,,
Payroll Expenses:Directors Wages:Directors Superannuation,Payroll Expenses:Directors Superannuation,Expense,Expense,6-2000,6,1949,6-1949,,
Payroll Expenses:Holiday Expense,Payroll Expenses:Holiday Expense,Expense,Expense,6-2000,6,1950,6-1950,,
Payroll Expenses:Long Service Leave.,Payroll Expenses:Long Service Leave.,Expense,Expense,6-2000,6,1951,6-1951,,
Payroll Expenses:Sick Leave,Payroll Expenses:Sick Leave,Expense,Expense,6-2000,6,1953,6-1953,,
Payroll Expenses:Staff Wages,Payroll Expenses:Staff Wages,Expense,Expense,6-2000,6,1954,6-1954,,
Payroll Expenses:Staff Wages:Job Keeper,Payroll Expenses:Staff Wages:Job Keeper,Expense,Expense,6-2000,6,1955,6-1955,,
Payroll Expenses:Staff Wages:Paid Parental Leave,Payroll Expenses:Staff Wages:Paid Parental Leave,Expense,Expense,6-2000,6,1956,6-1956,,
Payroll Expenses:Staff Wages:PPL Payments Received,Payroll Expenses:Staff Wages:PPL Payments Received,Expense,Expense,6-2000,6,1957,6-1957,,
Payroll Expenses:Staff Wages:Staff Superannuation,Payroll Expenses:Staff Wages:Staff Superannuation,Expense,Expense,6-2000,6,1958,6-1958,,
Payroll Expenses:Tool Allowance,Payroll Expenses:Tool Allowance,Expense,Expense,6-2000,6,1959,6-1959,,
Payroll Tax,Payroll Tax,Expense,Expense,6-2000,6,1960,6-1960,,
Payroll Tax:Pay G,Payroll Tax:Pay G,Expense,Expense,6-2000,6,1961,6-1961,,
Pest Control,Pest Control,Expense,Expense,6-2000,6,1962,6-1962,,
Petty Cash Top Up,Petty Cash Top Up,Expense,Expense,6-2000,6,1964,6-1964,,
Postage,Postage,Expense,Expense,6-2000,6,1965,6-1965,,
Printing and Stationery,Printing and Stationery,Expense,Expense,6-2000,6,1966,6-1966,,
RACQ,RACQ,Expense,Expense,6-2000,6,1968,6-1968,,
Rates,Rates,Expense,Expense,6-2000,6,1969,6-1969,,
Reimbursment of Expenses,Reimbursment of Expenses,Expense,Expense,6-2000,6,1970,6-1970,,
Rental Payments,Rental Payments,Expense,Expense,6-2000,6,1975,6-1975,,
Rental Payments:Rent - 229 MB HB Road,Rental Payments:Rent - 229 MB HB Road,Expense,Expense,6-2000,6,1976,6-1976,,
Rental Payments:Land Tax,Rental Payments:Land Tax,Expense,Expense,6-2000,6,1977,6-1977,,
Rental Payments:Rent- Carpet Store Lot 2 & 3,Rental Payments:Rent- Carpet Store Lot 2 & 3,Expense,Expense,6-2000,6,1978,6-1978,,
Rental Payments:Rent- Carpet Store Lot 2 & 3:Water & Sewerage,Rent- Carpet Store Lot 2 & 3:Water & Sewerage,Expense,Expense,6-2000,6,1979,6-1979,,
Rental Payments:Rent - 231 M/B H/B Road,Rental Payments:Rent - 231 M/B H/B Road,Expense,Expense,6-2000,6,1981,6-1981,,
Rental Payments:Rent - 231 M/B H/B Road:Water & Sewerage,Rent - 231 M/B H/B Road:Water & Sewerage,Expense,Expense,6-2000,6,1982,6-1982,,
Rental Payments:Rent - 4/90 Lower Mountain Road,Rental Payments:Rent - 4/90 Lower Mountain Road,Expense,Expense,6-2000,6,1984,6-1984,,
Rental Payments:Rent - 535 Boat Harbour Drive,Rental Payments:Rent - 535 Boat Harbour Drive,Expense,Expense,6-2000,6,1985,6-1985,,
Rental Payments:Rent - Ellongowan,Rental Payments:Rent - Ellongowan,Expense,Expense,6-2000,6,1986,6-1986,,
Rental Payments:Rent - National Tiles Lot 1,Rental Payments:Rent - National Tiles Lot 1,Expense,Expense,6-2000,6,1987,6-1987,,
Rental Payments:Rent - National Tiles Lot 1:Water & Sewerage,Rent - National Tiles Lot 1:Water & Sewerage,Expense,Expense,6-2000,6,1988,6-1988,,
Rental Payments:Rent Maryborough,Rental Payments:Rent Maryborough,Expense,Expense,6-2000,6,1989,6-1989,,
Repairs & Maintenance,Repairs & Maintenance,Expense,Expense,6-2000,6,1990,6-1990,,
Repairs & Maintenance:Forklift,Repairs & Maintenance:Forklift,Expense,Expense,6-2000,6,1991,6-1991,,
Ride on Mower,Ride on Mower,Expense,Expense,6-2000,6,1993,6-1993,,
Ride on Mower:Repairs,Ride on Mower:Repairs,Expense,Expense,6-2000,6,1995,6-1995,,
Safety & Fire,Safety & Fire,Expense,Expense,6-2000,6,1996,6-1996,,
Showroom Fitout,Showroom Fitout,Expense,Expense,6-2000,6,1998,6-1998,,
Sign Writing,Sign Writing,Expense,Expense,6-2000,6,1999,6-1999,,
Staff Expenses,Staff Expenses,Expense,Expense,6-2000,6,2001,6-2001,,
Staff Expenses:Accommodation,Staff Expenses:Accommodation,Expense,Expense,6-2000,6,2002,6-2002,,
Staff Expenses:Flights/Taxi/Transport,Staff Expenses:Flights/Taxi/Transport,Expense,Expense,6-2000,6,2003,6-2003,,
Staff Expenses:Parking,Staff Expenses:Parking,Expense,Expense,6-2000,6,2004,6-2004,,
Staff Expenses:Retirement Gift,Staff Expenses:Retirement Gift,Expense,Expense,6-2000,6,2005,6-2005,,
Staff Expenses:Staff Meals/Food,Staff Expenses:Staff Meals/Food,Expense,Expense,6-2000,6,2006,6-2006,,
Staff Expenses:Staff Party,Staff Expenses:Staff Party,Expense,Expense,6-2000,6,2007,6-2007,,
Staff Expenses:Training & Welfare,Staff Expenses:Training & Welfare,Expense,Expense,6-2000,6,2008,6-2008,,
Staff Sundries,Staff Sundries,Expense,Expense,6-2000,6,2009,6-2009,,
Stamp Duty,Stamp Duty,Expense,Expense,6-2000,6,2011,6-2011,,
Telephone & Internet,Telephone & Internet,Expense,Expense,6-2000,6,2013,6-2013,,
Telephone & Internet:Internet - 231 MB HB Road,Telephone & Internet:Internet - 231 MB HB Road,Expense,Expense,6-2000,6,2014,6-2014,,
Term Charges,Term Charges,Expense,Expense,6-2000,6,2015,6-2015,,
Tools & Machinery,Tools & Machinery,Expense,Expense,6-2000,6,2016,6-2016,,
Transfer from Choices to UHI,Transfer from Choices to UHI,Expense,Expense,6-2000,6,2017,6-2017,,
Uniforms,Uniforms,Expense,Expense,6-2000,6,2020,6-2020,,
Waste Disposal Expenses,Waste Disposal Expenses,Expense,Expense,6-2000,6,2021,6-2021,,
Waste Disposal Expenses:Commercial Rubbish Bins,Waste Disposal Expenses:Commercial Rubbish Bins,Expense,Expense,6-2000,6,2022,6-2022,,
Waste Disposal Expenses:Recycling Expenses,Waste Disposal Expenses:Recycling Expenses,Expense,Expense,6-2000,6,2023,6-2023,,
Waste Disposal Expenses:Tip Fees,Waste Disposal Expenses:Tip Fees,Expense,Expense,6-2000,6,2024,6-2024,,
Water & Sewrage,Water & Sewrage,Expense,Expense,6-2000,6,2025,6-2025,,
Payroll Expenses,Payroll Exp.,Expense,Expense,6-2000,6,6601,6-6601,,
Payroll Expenses,Payroll Expenses,Expense,Expense,6-2000,6,6602,6-6602,,
Reconciliation Discrepancies,Reconciliation Discrepancies,Expense,Expense,6-2000,6,6691,6-6691,,
Insurance Recoveries,Insurance Recoveries,Other Income,OtherIncome,8-2000,8,2027,8-2027,,
Employee Contributions,Employee Contributions,Other Income,OtherIncome,8-2000,8,2028,8-2028,,
Youth Wage Subsidy,Youth Wage Subsidy,Other Income,OtherIncome,8-2000,8,2029,8-2029,,
Cash Flow Boost - Tax Fre,Cash Flow Boost - Tax Fre,Other Income,OtherIncome,8-2000,8,2032,8-2032,,
JobKeeper Payments,JobKeeper Payments,Other Income,OtherIncome,8-2000,8,2035,8-2035,,
Profit on Sale of NCA,Profit on Sale of NCA,Other Income,OtherIncome,8-2000,8,2036,8-2036,,
Workcover,Workcover,Other Income,OtherIncome,8-2000,8,2038,8-2038,,
Income Tax YTD,Income Tax YTD,Other Expense,OtherExpense,9-2000,9,2039,9-2039,,
Loss on Sale of NCA,Loss on Sale of NCA,Other Expense,OtherExpense,9-2000,9,2042,9-2042,,
Suspense,Suspense,Other Expense,OtherExpense,9-2000,9,2043,9-2043,,